priority,target,type,url,landing_page,angle,status,next_action,notes
P1,The Old Computer,Retro resource directory,https://www.theoldcomputer.com/links.php,https://pokopie.com/en/ps1-compatibility,Browser PS1 compatibility resource,ready_to_review,Review Link To Us rules and submit manually,Relevant links directory with a stated submission process
P1,Retro Gaming Space,Retro editorial,https://retrogamespace.com/,https://pokopie.com/en/ps1-compatibility,Independent browser capability checker,ready_to_pitch,Find the editor contact and reference their browser emulation guide,Pitch as an additional diagnostic resource rather than a competing game catalog
P1,RetroRGB,Retro editorial,https://www.retrorgb.com/,https://pokopie.com/en/ps1-compatibility,Modern browser emulation preflight tool,needs_qualification,Review recent emulation coverage and locate editorial contact,Avoid pitching playable copyrighted catalog pages
P1,Time Extension,Retro editorial,https://www.timeextension.com/,https://pokopie.com/en/ps1-compatibility,Data-led browser emulation utility,needs_qualification,Identify a relevant writer and recent browser emulation article,Editorial pitch only
P1,Retro Dodo,Retro editorial,https://retrododo.com/,https://pokopie.com/en/ps1-compatibility,Consumer-friendly browser readiness tool,needs_qualification,Locate tips or editorial contact and personalize pitch,Do not request exact-match anchor text
P1,Gaming Alexandria,Preservation editorial,https://www.gamingalexandria.com/,https://pokopie.com/en/ps1-compatibility,Transparent browser feature methodology,needs_qualification,Review preservation policy before outreach,Lead with legal own-ROM use and technical documentation
P1,Emulation General Wiki,Community wiki,https://emulation.gametechwiki.com/,https://pokopie.com/en/ps1-compatibility,Browser emulator compatibility reference,needs_qualification,Read contribution rules and identify the relevant browser emulation page,Only propose an edit when the checker adds material value
P1,Libretro Forums,Emulation community,https://forums.libretro.com/,https://pokopie.com/en/ps1-compatibility,Feature-detection methodology feedback,community_first,Participate and ask for methodology feedback before sharing,No promotional thread without moderator approval
P1,EmulatorJS Discussions,Open-source community,https://github.com/EmulatorJS/EmulatorJS/discussions,https://pokopie.com/en/ps1-compatibility,Reusable browser preflight methodology,community_first,Search existing discussions and share only in a matching topic,Technical contribution angle
P1,WebAssembly Weekly,Developer newsletter,https://wasmweekly.news/,https://pokopie.com/en/ps1-compatibility,Real-world WebAssembly feature checker,needs_qualification,Locate submission instructions and pitch the technical implementation,Emphasize WebAssembly and WebGL feature detection
P1,DEV Community,Developer publishing,https://dev.to/,https://pokopie.com/en/ps1-compatibility,Build article with source methodology,content_required,Publish an original technical article and link contextually,Article must stand alone and not be a thin promotion
P1,Hashnode,Developer publishing,https://hashnode.com/,https://pokopie.com/en/ps1-compatibility,How to build a browser emulator preflight check,content_required,Publish an engineering write-up with code excerpts,Use a branded author profile
P1,HackerNoon,Developer editorial,https://hackernoon.com/,https://pokopie.com/en/ps1-compatibility,Browser emulation requirements explained,needs_qualification,Review contributor terms and prepare a non-promotional draft,Disclose project ownership
P1,Indie Hackers,Founder community,https://www.indiehackers.com/,https://pokopie.com/en/play-my-rom,Build and launch lessons from a browser emulator,community_first,Create a useful build log before mentioning POKOPIE,Measure referral traffic rather than link attributes
P1,Hacker News Show HN,Developer community,https://news.ycombinator.com/show,https://pokopie.com/en/ps1-compatibility,Show HN interactive compatibility checker,launch_ready,Prepare a concise technical launch post and answer questions,Submit only when the production page is live
P2,Lobsters,Developer community,https://lobste.rs/,https://pokopie.com/en/ps1-compatibility,WebAssembly and WebGL implementation discussion,needs_qualification,Confirm account access and community fit,Do not submit as pure product promotion
P2,EmuBrowser Forum,Retro gaming forum,https://forum.emubrowser.com/,https://pokopie.com/en/ps1-compatibility,Compare browser capability requirements,community_first,Ask moderators whether an independent checker is welcome,Potential competitor community so be transparent
P2,Vizzed Browser Emulation Forum,Retro emulation forum,https://www.vizzed.com/boards/thread.php?id=99974,https://pokopie.com/en/ps1-compatibility,RetroArch browser configuration reference,community_first,Read current thread activity before participating,Use the existing technical discussion context
P2,Reddit r emulation,Reddit community,https://www.reddit.com/r/emulation/,https://pokopie.com/en/ps1-compatibility,Open methodology review,community_first,Read rules and ask moderators before posting,No ROM links or promotional title
P2,Reddit r retrogaming,Reddit community,https://www.reddit.com/r/retrogaming/,https://pokopie.com/en/ps1-compatibility,Player-facing browser readiness check,community_first,Contribute to discussions before sharing,Focus on user feedback rather than SEO
P2,Reddit r WebGames,Reddit community,https://www.reddit.com/r/WebGames/,https://pokopie.com/en/play-my-rom,Browser game tool launch,community_first,Check self-promotion frequency and posting format,Use direct disclosure as the builder
P2,Reddit r EmulationOnPC,Reddit community,https://www.reddit.com/r/EmulationOnPC/,https://pokopie.com/en/ps1-compatibility,PC browser emulator diagnostics,community_first,Ask for feedback in a relevant help context,No repeated cross-posting
P2,Reddit r webdev,Developer community,https://www.reddit.com/r/webdev/,https://pokopie.com/en/ps1-compatibility,Technical case study rather than game promotion,content_required,Prepare a detailed implementation write-up first,Follow self-promotion and showoff rules
P2,Lemmy RetroGaming,Community,https://lemmy.world/c/retrogaming,https://pokopie.com/en/ps1-compatibility,Open feedback on browser gaming compatibility,community_first,Check local community rules and recent activity,Do not duplicate Reddit copy
P1,Product Hunt,Product directory,https://www.producthunt.com/,https://pokopie.com/en/play-my-rom,Launch browser-based own-ROM player,launch_ready,Prepare gallery copy maker comment and launch date,Primary product launch channel
P1,AlternativeTo,Software directory,https://alternativeto.net/,https://pokopie.com/en/play-my-rom,Alternative to installed desktop emulators,needs_qualification,Create a product listing and choose accurate alternatives,Do not imply hosting rights for commercial ROMs
P1,BetaList,Startup directory,https://betalist.com/,https://pokopie.com/en/play-my-rom,Early browser gaming utility,ready_to_review,Review current submission requirements and submit,Use the tool value proposition
P1,Uneed,Product directory,https://www.uneed.best/,https://pokopie.com/en/play-my-rom,Browser retro gaming tool,ready_to_review,Create an account and submit manually,Verify whether a free submission remains available
P1,Fazier,Product directory,https://fazier.com/,https://pokopie.com/en/play-my-rom,Independent browser tool launch,ready_to_review,Review current launch queue and submit,Use branded anchor only
P1,PeerPush,Product directory,https://peerpush.net/,https://pokopie.com/en/play-my-rom,Maker-built browser emulator interface,needs_qualification,Verify current submission form and moderation,Stop if submission requires a paid ranking link
P2,Launching Next,Startup directory,https://www.launchingnext.com/,https://pokopie.com/en/play-my-rom,New browser gaming product,ready_to_review,Use the current startup submission form,Track whether the listing is indexed
P2,PitchWall,Startup directory,https://pitchwall.co/,https://pokopie.com/en/play-my-rom,Concise browser tool pitch,ready_to_review,Create an account and submit the product,Do not purchase ranking packages for SEO
P2,BetaPage,Startup directory,https://betapage.co/,https://pokopie.com/en/play-my-rom,Retro browser product listing,ready_to_review,Verify free listing availability and submit,Record live listing URL
P2,SaaSHub,Software directory,https://www.saashub.com/,https://pokopie.com/en/play-my-rom,Web alternative to local emulator software,needs_qualification,Confirm category fit before creating listing,Lower relevance than retro-specific sources
P2,Startup Stash,Startup resource directory,https://startupstash.com/,https://pokopie.com/en/play-my-rom,Browser tool for gaming collection,needs_qualification,Locate current submission process and verify category fit,Do not force listing if gaming tools are excluded
P2,Startup Buffer,Startup directory,https://startupbuffer.com/,https://pokopie.com/en/play-my-rom,Independent web app submission,needs_qualification,Verify site activity and free submission route,Reject if pages are low quality or unindexed
P2,KillerStartups,Startup editorial directory,https://www.killerstartups.com/,https://pokopie.com/en/play-my-rom,Founder and browser technology story,needs_qualification,Review current editorial submission options,Pitch story value rather than asking for a backlink
P2,SideProjectors,Side-project marketplace,https://www.sideprojectors.com/,https://pokopie.com/en/play-my-rom,Developer side-project profile,needs_qualification,Confirm listing purpose and whether active projects qualify,Do not list as for sale unless genuinely intended
P2,Sloop Web Directory,Curated web directory,https://sloop.nz/,https://pokopie.com/en/ps1-compatibility,Useful interactive web resource,ready_to_review,Use the directory submission route and request the games or tools category,Verify published listing after moderation
P2,Submission Directory,Directory discovery source,https://www.submission.directory/,https://pokopie.com/en/play-my-rom,Find additional moderated directories,research_only,Use it to qualify new directories one by one,Do not treat an aggregator list as an earned backlink
